Pokemon1,Pokemon2,Winrate_Together,Avg_Base_Winrate,Synergy_Delta,Sample_Size
Cacnea,Larvitar,69.26,48.11,21.15,91
Raticate,Eevee,73.71,59.28,14.43,97
Whismur,Larvitar,64.37,50.01,14.36,104
Wingull,Tentacool,63.19,48.99,14.2,99
Raticate,Marshtomp,74.77,61.08,13.69,87
Raticate,Meowth,72.18,59.39,12.79,90
Combusken,Marshtomp,75.09,62.34,12.75,97
Combusken,Raticate,76.91,64.42,12.49,81
Raticate,Bayleef,72.32,59.98,12.34,88
Combusken,Bayleef,73.56,61.25,12.32,91
Raticate,Elekid,72.84,60.63,12.21,83
Combusken,Meowth,72.61,60.65,11.96,99
Combusken,Elekid,73.78,61.89,11.89,100
Magby,Marshtomp,71.37,59.5,11.87,89
Magby,Bayleef,70.12,58.41,11.71,92
Combusken,Phanpy,71.06,59.38,11.68,88
Combusken,Whismur,71.85,60.44,11.41,96
Combusken,Slowpoke,71.62,60.23,11.39,79
Magby,Slowpoke,68.78,57.39,11.38,92
Magby,Phanpy,67.87,56.55,11.32,89
Raticate,Magby,72.9,61.58,11.31,100
Combusken,Oddish,69.74,58.69,11.05,89
Sunkern,Vulpix,61.28,50.31,10.97,94
Combusken,Eevee,71.46,60.54,10.92,105
Marshtomp,Whismur,67.82,57.1,10.72,90
Marshtomp,Bayleef,68.61,57.91,10.7,83
Combusken,Pikachu,68.75,58.23,10.51,112
Combusken,Zubat,69.25,58.91,10.34,87
Combusken,Vulpix,67.86,57.56,10.3,95
Elekid,Meowth,67.14,56.86,10.28,93
Marshtomp,Meowth,67.41,57.31,10.1,78
Slowpoke,Numel,63.79,54.03,9.77,83
Oddish,Vulpix,60.3,50.57,9.73,84
Raticate,Sunkern,66.83,57.17,9.65,88
Raticate,Charmander,64.06,54.59,9.46,96
Raticate,Pikachu,66.35,56.97,9.38,105
Combusken,Numel,68.81,59.48,9.34,77
Magby,Pidgey,65.69,56.39,9.3,79
Raticate,Numel,67.42,58.22,9.21,88
Raticate,Phanpy,67.26,58.12,9.14,83
Raticate,Pidgey,67.09,57.97,9.12,89
Marshtomp,Numel,65.21,56.14,9.08,89
Elekid,Zubat,64.18,55.12,9.06,97
Raticate,Whismur,68.21,59.18,9.03,79
Combusken,Cacnea,67.49,58.54,8.96,89
Combusken,Pidgey,68.16,59.23,8.94,96
Raticate,Zubat,66.54,57.65,8.89,88
Magby,Meowth,66.7,57.81,8.89,89
Elekid,Phanpy,64.35,55.59,8.76,82
Combusken,Slakoth,64.87,56.14,8.73,98
Raticate,Slowpoke,67.69,58.97,8.72,84
Combusken,Mareep,65.34,56.62,8.72,92
Elekid,Eevee,65.17,56.75,8.42,85
Magby,Elekid,67.47,59.05,8.41,91
Marshtomp,Eevee,65.61,57.2,8.41,90
Combusken,Chikorita,62.72,54.38,8.35,105
Combusken,Magby,71.1,62.84,8.25,103
Meowth,Eevee,63.73,55.51,8.22,106
Combusken,Tentacool,65.13,56.98,8.15,89
Magby,Whismur,65.7,57.61,8.1,104
Elekid,Pidgey,63.48,55.44,8.04,88
Combusken,Sunkern,66.45,58.44,8.01,103
Marshtomp,Slowpoke,64.89,56.89,8.0,86
Magby,Eevee,65.7,57.7,8.0,90
Whismur,Numel,62.12,54.23,7.89,99
Elekid,Oddish,62.71,54.9,7.81,78
Marshtomp,Elekid,66.32,58.55,7.77,93
Raticate,Oddish,65.08,57.43,7.65,97
Combusken,Squirtle,61.35,53.7,7.65,98
Elekid,Slowpoke,64.06,56.44,7.62,70
Bayleef,Numel,62.65,55.04,7.61,82
Bayleef,Eevee,63.68,56.11,7.57,108
Marshtomp,Pikachu,62.42,54.89,7.53,101
Marshtomp,Wingull,61.87,54.35,7.52,76
Magby,Numel,64.13,56.64,7.49,84
Elekid,Whismur,64.14,56.65,7.48,100
Marshtomp,Phanpy,63.51,56.04,7.47,93
Combusken,Totodile,60.73,53.27,7.46,88
Pidgey,Larvitar,56.2,48.8,7.4,85
Magby,Zubat,63.43,56.08,7.36,103
Elekid,Bayleef,64.66,57.45,7.2,80
Combusken,Mudkip,59.7,52.55,7.15,88
Magby,Sunkern,62.73,55.6,7.13,64
Magby,Pikachu,62.51,55.4,7.11,78
Bayleef,Slowpoke,62.85,55.8,7.06,83
Bayleef,Meowth,63.19,56.22,6.98,90
Combusken,Porygon,61.16,54.22,6.95,81
Numel,Pidgey,59.96,53.02,6.94,93
Combusken,Rattata,60.52,53.61,6.92,89
Bayleef,Pidgey,61.68,54.79,6.89,81
Bayleef,Wingull,60.1,53.26,6.84,87
Combusken,Bulbasaur,61.52,54.69,6.83,91
Magby,Oddish,62.63,55.86,6.78,94
Bayleef,Pikachu,60.55,53.8,6.75,86
Combusken,Charmander,62.48,55.86,6.62,97
Meowth,Pidgey,60.69,54.2,6.49,97
Elekid,Sunkern,61.06,54.64,6.41,75
Marshtomp,Sunkern,61.48,55.09,6.38,79
Meowth,Phanpy,60.67,54.35,6.32,74
Combusken,Cyndaquil,60.48,54.18,6.3,90
Marshtomp,Zubat,61.81,55.57,6.24,108
Raticate,Treecko,59.17,52.94,6.23,87
Meowth,Pikachu,59.42,53.2,6.21,95
Meowth,Whismur,61.48,55.41,6.07,71
Raticate,Wingull,62.49,56.43,6.06,80
Eevee,Pikachu,59.1,53.09,6.0,83
Slowpoke,Charmander,56.39,50.41,5.99,96
Marshtomp,Pidgey,61.88,55.89,5.99,71
Raticate,Diglett,61.17,55.21,5.96,103
Magby,Tentacool,60.08,54.14,5.94,88
Marshtomp,Oddish,61.29,55.35,5.94,92
Elekid,Cacnea,60.69,54.75,5.94,98
Raticate,Torchic,58.84,52.97,5.88,91
Bayleef,Whismur,61.86,56.01,5.85,97
Eevee,Whismur,61.14,55.3,5.84,105
Raticate,Cacnea,63.12,57.27,5.84,106
Meowth,Cacnea,59.31,53.5,5.8,75
Raticate,Tentacool,61.47,55.72,5.75,87
Numel,Oddish,58.2,52.48,5.72,81
Slowpoke,Oddish,58.95,53.24,5.71,85
Combusken,Torchic,59.88,54.23,5.66,111
Eevee,Mareep,57.13,51.48,5.65,88
Elekid,Numel,61.3,55.69,5.61,94
Bayleef,Phanpy,60.56,54.95,5.61,96
Raticate,Chikorita,58.7,53.11,5.58,93
Whismur,Zubat,59.17,53.67,5.5,100
Raticate,Vulpix,61.76,56.3,5.46,91
Whismur,Phanpy,59.56,54.14,5.42,86
Slowpoke,Phanpy,59.32,53.93,5.39,81
Whismur,Oddish,58.81,53.45,5.36,87
Raticate,Rattata,57.7,52.34,5.35,89
Raticate,Squirtle,57.79,52.44,5.35,70
Raticate,Bulbasaur,58.77,53.43,5.34,101
Numel,Zubat,58.03,52.7,5.32,80
Magby,Vulpix,60.05,54.72,5.32,82
Elekid,Treecko,55.69,50.41,5.28,90
Numel,Phanpy,58.44,53.17,5.27,83
Combusken,Treecko,59.42,54.2,5.22,93
Magby,Chikorita,56.72,51.54,5.18,99
Eevee,Phanpy,59.37,54.24,5.13,101
Pidgey,Oddish,57.34,52.23,5.11,92
Eevee,Sunkern,58.39,53.3,5.1,97
Bayleef,Squirtle,54.37,49.27,5.1,81
Eevee,Oddish,58.63,53.55,5.08,99
Phanpy,Sunkern,57.19,52.13,5.05,87
Marshtomp,Cacnea,60.23,55.2,5.04,74
Meowth,Slowpoke,60.24,55.2,5.04,94
Magby,Mareep,58.81,53.78,5.03,89
Slowpoke,Sunkern,57.97,52.98,4.99,84
Magby,Cacnea,60.64,55.7,4.94,93
Marshtomp,Mareep,58.22,53.28,4.94,98
Whismur,Slowpoke,59.92,54.99,4.93,101
Slowpoke,Zubat,58.38,53.46,4.92,92
Eevee,Numel,59.25,54.34,4.92,92
Bayleef,Torchic,54.66,49.79,4.87,88
Whismur,Slakoth,55.75,50.9,4.86,95
Raticate,Mareep,60.09,55.36,4.73,89
Phanpy,Oddish,57.08,52.39,4.69,77
Meowth,Sunkern,58.07,53.41,4.67,77
Elekid,Slakoth,57.01,52.34,4.67,86
Eevee,Slowpoke,59.74,55.09,4.65,87
Meowth,Oddish,58.28,53.66,4.62,75
Raticate,Cyndaquil,57.53,52.92,4.61,90
Phanpy,Larvitar,53.53,48.95,4.58,91
Elekid,Wingull,58.47,53.9,4.57,79
Bayleef,Vulpix,57.66,53.12,4.54,88
Magby,Bulbasaur,56.4,51.86,4.54,108
Slowpoke,Porygon,53.27,48.77,4.5,94
Meowth,Zubat,58.38,53.88,4.5,78
Meowth,Numel,58.92,54.45,4.48,87
Whismur,Tentacool,55.99,51.74,4.25,78
Combusken,Diglett,60.72,56.47,4.25,106
Bayleef,Zubat,58.69,54.48,4.22,97
Whismur,Cacnea,57.43,53.3,4.13,104
Cacnea,Tentacool,53.91,49.84,4.08,76
Phanpy,Vulpix,55.31,51.26,4.05,102
Bayleef,Cacnea,58.11,54.1,4.01,71
Bayleef,Mareep,56.16,52.19,3.97,93
Combusken,Wingull,61.66,57.69,3.97,110
Magby,Diglett,57.59,53.63,3.95,73
Eevee,Pidgey,57.98,54.09,3.9,100
Eevee,Zubat,57.65,53.77,3.88,101
Phanpy,Pikachu,55.81,51.94,3.87,99
Elekid,Porygon,54.28,50.42,3.86,69
Meowth,Charmander,54.68,50.83,3.85,87
Wingull,Diglett,52.32,48.48,3.84,92
Sunkern,Tentacool,53.57,49.73,3.83,79
Bayleef,Diglett,55.86,52.03,3.82,87
Magby,Treecko,55.09,51.36,3.73,85
Slowpoke,Cacnea,56.76,53.09,3.67,92
Magby,Charmander,56.6,53.02,3.58,96
Raticate,Mudkip,54.84,51.29,3.55,97
Oddish,Pikachu,54.79,51.25,3.54,94
Bayleef,Tentacool,56.05,52.55,3.51,89
Elekid,Torchic,53.93,50.44,3.49,98
Marshtomp,Porygon,54.35,50.88,3.48,107
Marshtomp,Diglett,56.57,53.13,3.44,102
Slowpoke,Pidgey,57.21,53.78,3.43,71
Magby,Rattata,54.2,50.77,3.43,101
Magby,Slakoth,56.68,53.3,3.38,80
Zubat,Pikachu,54.77,51.47,3.3,106
Sunkern,Pikachu,54.27,50.99,3.28,95
Elekid,Tentacool,56.42,53.19,3.23,80
Raticate,Slakoth,58.09,54.88,3.22,85
Marshtomp,Charmander,55.73,52.52,3.21,90
Marshtomp,Torchic,54.08,50.89,3.19,82
Phanpy,Pidgey,56.11,52.92,3.18,73
Meowth,Wingull,55.79,52.66,3.13,92
Raticate,Porygon,56.03,52.95,3.07,82
Numel,Mareep,53.44,50.42,3.02,91
Slowpoke,Wingull,55.26,52.24,3.02,100
Elekid,Pikachu,57.43,54.45,2.99,107
Marshtomp,Bulbasaur,54.3,51.35,2.95,93
Marshtomp,Cyndaquil,53.74,50.84,2.9,84
Zubat,Mareep,52.75,49.85,2.9,77
Eevee,Chikorita,52.09,49.23,2.86,104
Eevee,Wingull,55.4,52.55,2.85,88
Whismur,Pidgey,56.82,53.98,2.83,101
Slowpoke,Diglett,53.84,51.02,2.82,90
Magby,Porygon,54.17,51.38,2.79,79
Elekid,Vulpix,56.54,53.77,2.77,100
Numel,Cacnea,55.08,52.33,2.75,75
Cacnea,Pikachu,53.77,51.09,2.68,94
Pidgey,Cacnea,54.68,52.08,2.6,74
Pidgey,Tentacool,53.11,50.53,2.59,93
Eevee,Diglett,53.89,51.33,2.56,100
Bayleef,Slakoth,54.22,51.7,2.52,97
Magby,Squirtle,53.37,50.87,2.5,77
Marshtomp,Slakoth,55.23,52.8,2.44,83
Pidgey,Diglett,52.46,50.02,2.44,82
Whismur,Sunkern,55.51,53.2,2.31,81
Elekid,Charmander,54.37,52.06,2.31,108
Meowth,Vulpix,54.84,52.53,2.31,79
Pidgey,Pikachu,54.06,51.78,2.28,96
Phanpy,Tentacool,52.95,50.68,2.27,83
Bayleef,Sunkern,56.2,54.0,2.2,102
Slowpoke,Vulpix,54.2,52.11,2.09,100
Numel,Pikachu,54.04,52.03,2.01,92
Eevee,Charmander,52.69,50.72,1.97,118
Wingull,Slakoth,50.11,48.15,1.96,82
Zubat,Diglett,51.65,49.7,1.95,88
Raticate,Larvitar,55.91,53.99,1.92,85
Zubat,Oddish,53.8,51.92,1.88,112
Slowpoke,Slakoth,52.53,50.69,1.84,87
Magby,Cyndaquil,53.18,51.34,1.84,80
Eevee,Tentacool,53.66,51.84,1.82,98
Magby,Totodile,52.25,50.43,1.82,93
Cacnea,Wingull,52.32,50.55,1.77,83
Phanpy,Slakoth,51.6,49.84,1.76,87
Numel,Tentacool,52.54,50.78,1.76,86
Sunkern,Wingull,52.17,50.45,1.72,114
Phanpy,Mareep,52.03,50.32,1.71,87
Eevee,Porygon,50.78,49.08,1.7,96
Meowth,Cyndaquil,50.84,49.15,1.69,73
Elekid,Totodile,51.14,49.48,1.66,91
Sunkern,Mareep,51.02,49.38,1.64,72
Elekid,Chikorita,52.21,50.59,1.63,72
Marshtomp,Mudkip,50.82,49.21,1.61,86
Zubat,Torchic,49.05,47.45,1.6,81
Sunkern,Diglett,50.8,49.22,1.57,106
Eevee,Cacnea,54.94,53.39,1.54,94
Whismur,Totodile,49.55,48.03,1.53,83
Phanpy,Wingull,52.89,51.39,1.5,89
Bayleef,Totodile,50.29,48.83,1.46,101
Eevee,Slakoth,52.45,51.0,1.46,88
Bayleef,Rattata,50.62,49.17,1.45,93
Whismur,Charmander,52.04,50.62,1.43,100
Marshtomp,Tentacool,55.07,53.64,1.43,84
Pikachu,Vulpix,51.53,50.11,1.41,88
Meowth,Bulbasaur,51.05,49.66,1.39,93
Whismur,Squirtle,49.83,48.47,1.36,95
Slowpoke,Larvitar,51.16,49.8,1.36,110
Zubat,Tentacool,51.57,50.21,1.36,108
Elekid,Cyndaquil,51.73,50.39,1.34,83
Diglett,Larvitar,47.37,46.04,1.33,93
Bayleef,Cyndaquil,51.04,49.75,1.3,77
Zubat,Cacnea,53.04,51.77,1.28,69
Oddish,Tentacool,51.27,49.99,1.28,89
Magby,Wingull,56.1,54.86,1.24,82
Marshtomp,Chikorita,52.23,51.03,1.2,66
Marshtomp,Treecko,52.05,50.86,1.19,70
Magby,Mudkip,50.89,49.72,1.18,95
Marshtomp,Vulpix,55.33,54.22,1.11,98
Raticate,Totodile,53.11,52.0,1.11,105
Elekid,Bulbasaur,51.95,50.9,1.05,81
Meowth,Mareep,52.55,51.59,0.96,91
Bayleef,Charmander,52.38,51.42,0.96,105
Slowpoke,Torchic,49.73,48.78,0.96,89
Slowpoke,Cyndaquil,49.66,48.73,0.93,84
Marshtomp,Squirtle,51.22,50.36,0.85,98
Whismur,Mareep,52.22,51.38,0.84,95
Oddish,Diglett,50.26,49.48,0.78,101
Vulpix,Slakoth,48.73,48.02,0.72,90
Combusken,Magikarp,46.29,45.6,0.7,86
Numel,Slakoth,50.62,49.93,0.69,80
Whismur,Vulpix,53.0,52.32,0.68,95
Meowth,Chikorita,50.01,49.34,0.67,84
Numel,Treecko,48.65,48.0,0.66,94
Phanpy,Zubat,53.25,52.61,0.64,88
Bayleef,Porygon,50.39,49.78,0.61,90
Vulpix,Mareep,49.09,48.5,0.59,83
Elekid,Rattata,50.36,49.81,0.54,94
Phanpy,Cyndaquil,48.41,47.88,0.53,96
Magby,Torchic,51.91,51.39,0.52,104
Elekid,Squirtle,50.44,49.91,0.52,90
Elekid,Mareep,53.34,52.83,0.51,91
Numel,Sunkern,52.73,52.23,0.5,101
Pidgey,Bulbasaur,48.67,48.23,0.43,77
Pikachu,Wingull,50.67,50.25,0.42,89
Oddish,Cacnea,51.97,51.55,0.42,83
Zubat,Slakoth,49.78,49.37,0.41,88
Slowpoke,Treecko,49.14,48.75,0.39,89
Slowpoke,Pikachu,53.18,52.78,0.39,86
Numel,Vulpix,51.71,51.36,0.35,86
Pikachu,Charmander,48.75,48.41,0.34,94
Meowth,Totodile,48.57,48.23,0.33,91
Cacnea,Sunkern,51.62,51.29,0.33,105
Oddish,Mareep,49.96,49.63,0.33,87
Slowpoke,Rattata,48.46,48.16,0.31,74
Marshtomp,Totodile,50.18,49.92,0.25,100
Numel,Chikorita,48.42,48.17,0.25,86
Bayleef,Oddish,54.49,54.26,0.23,90
Eevee,Totodile,48.31,48.12,0.19,82
Zubat,Totodile,46.67,46.5,0.17,96
Numel,Bulbasaur,48.64,48.48,0.15,76
Cacnea,Vulpix,50.52,50.41,0.11,77
Phanpy,Charmander,49.66,49.55,0.1,99
Meowth,Tentacool,52.04,51.95,0.09,65
Eevee,Rattata,48.54,48.47,0.08,77
Oddish,Rattata,46.67,46.62,0.05,85
Wingull,Mareep,48.68,48.63,0.05,86
Eevee,Bulbasaur,49.57,49.55,0.02,100
Pidgey,Rattata,47.15,47.15,0.0,86
Cacnea,Mareep,49.46,49.48,-0.01,95
Numel,Porygon,47.97,48.01,-0.04,88
Pikachu,Diglett,48.97,49.02,-0.05,107
Combusken,Larvitar,55.18,55.25,-0.07,94
Pidgey,Sunkern,51.91,51.98,-0.07,80
Magby,Larvitar,52.34,52.41,-0.08,95
Pidgey,Mareep,50.05,50.17,-0.11,81
Oddish,Sunkern,51.29,51.45,-0.15,90
Numel,Charmander,49.5,49.65,-0.15,79
Sunkern,Charmander,48.45,48.61,-0.16,101
Numel,Rattata,47.21,47.4,-0.19,95
Oddish,Slakoth,48.84,49.15,-0.31,93
Whismur,Cyndaquil,48.62,48.94,-0.32,80
Pidgey,Wingull,50.88,51.23,-0.35,70
Mareep,Bulbasaur,45.27,45.63,-0.36,89
Bayleef,Bulbasaur,49.89,50.26,-0.37,86
Elekid,Diglett,52.28,52.68,-0.4,93
Whismur,Wingull,52.04,52.45,-0.41,93
Meowth,Porygon,48.74,49.19,-0.45,82
Phanpy,Cacnea,51.77,52.23,-0.46,91
Slowpoke,Bulbasaur,48.77,49.24,-0.47,87
Wingull,Larvitar,46.79,47.26,-0.47,93
Zubat,Larvitar,47.99,48.48,-0.49,86
Whismur,Pikachu,52.5,53.0,-0.49,84
Zubat,Sunkern,51.17,51.66,-0.49,104
Eevee,Vulpix,51.92,52.42,-0.5,91
Marshtomp,Rattata,49.74,50.27,-0.52,99
Cacnea,Torchic,46.56,47.08,-0.52,101
Zubat,Squirtle,46.41,46.94,-0.53,99
Bayleef,Treecko,49.21,49.77,-0.55,115
Sunkern,Torchic,46.43,46.98,-0.55,86
Whismur,Bulbasaur,48.88,49.45,-0.57,99
Meowth,Rattata,48.0,48.58,-0.58,95
Wingull,Totodile,44.68,45.28,-0.6,90
Zubat,Wingull,50.29,50.92,-0.63,83
Meowth,Treecko,48.53,49.17,-0.64,96
Oddish,Wingull,50.05,50.7,-0.65,90
Pikachu,Bulbasaur,46.56,47.25,-0.68,83
Eevee,Treecko,48.38,49.06,-0.68,93
Eevee,Mudkip,46.71,47.41,-0.7,89
Tentacool,Mareep,47.22,47.92,-0.7,82
Whismur,Diglett,50.49,51.23,-0.74,88
Pidgey,Treecko,46.96,47.75,-0.79,82
Tentacool,Cyndaquil,44.67,45.48,-0.81,78
Vulpix,Chikorita,45.4,46.25,-0.86,98
Pikachu,Porygon,45.9,46.77,-0.87,91
Numel,Squirtle,46.62,47.5,-0.88,93
Oddish,Cyndaquil,46.3,47.19,-0.89,93
Mareep,Diglett,46.51,47.41,-0.9,90
Bayleef,Mudkip,47.19,48.12,-0.93,104
Zubat,Vulpix,49.83,50.79,-0.96,90
Pidgey,Slakoth,48.71,49.68,-0.97,83
Meowth,Diglett,50.45,51.44,-0.99,86
Zubat,Chikorita,46.62,47.61,-0.99,85
Wingull,Squirtle,44.71,45.72,-1.0,90
Elekid,Mudkip,47.76,48.76,-1.0,94
Bayleef,Chikorita,48.92,49.94,-1.02,106
Phanpy,Diglett,49.14,50.17,-1.03,91
Elekid,Larvitar,50.42,51.46,-1.04,97
Zubat,Porygon,46.39,47.45,-1.05,92
Cacnea,Slakoth,47.9,48.99,-1.09,83
Slowpoke,Chikorita,47.81,48.92,-1.12,85
Pikachu,Chikorita,45.8,46.93,-1.13,89
Oddish,Porygon,46.09,47.23,-1.13,92
Pidgey,Squirtle,46.06,47.25,-1.19,104
Whismur,Treecko,47.77,48.96,-1.19,106
Slowpoke,Squirtle,47.06,48.25,-1.2,94
Sunkern,Porygon,45.76,46.97,-1.21,94
Tentacool,Diglett,46.55,47.77,-1.22,69
Slowpoke,Mareep,49.89,51.17,-1.28,86
Eevee,Cyndaquil,47.76,49.04,-1.28,89
Zubat,Bulbasaur,46.64,47.92,-1.28,98
Eevee,Torchic,47.79,49.09,-1.29,102
Sunkern,Slakoth,47.52,48.89,-1.37,90
Cacnea,Diglett,47.96,49.33,-1.37,85
Meowth,Squirtle,47.29,48.67,-1.39,83
Pidgey,Vulpix,49.67,51.11,-1.43,91
Sunkern,Squirtle,45.0,46.46,-1.46,100
Meowth,Slakoth,49.58,51.11,-1.52,79
Oddish,Torchic,45.69,47.23,-1.55,88
Cacnea,Porygon,45.51,47.07,-1.56,98
Slakoth,Charmander,44.74,46.31,-1.57,100
Mareep,Slakoth,45.47,47.08,-1.6,83
Oddish,Totodile,44.67,46.28,-1.61,78
Oddish,Charmander,47.23,48.87,-1.63,97
Tentacool,Slakoth,45.74,47.44,-1.69,82
Pidgey,Zubat,50.73,52.45,-1.72,90
Oddish,Squirtle,44.96,46.72,-1.75,88
Vulpix,Tentacool,47.05,48.86,-1.81,87
Cacnea,Cyndaquil,45.19,47.03,-1.85,103
Sunkern,Totodile,44.15,46.02,-1.87,103
Pidgey,Cyndaquil,45.85,47.73,-1.88,81
Phanpy,Mudkip,44.33,46.25,-1.92,99
Mareep,Charmander,44.85,46.8,-1.94,99
Phanpy,Chikorita,46.12,48.08,-1.96,99
Meowth,Torchic,47.17,49.2,-2.02,106
Vulpix,Diglett,46.31,48.35,-2.04,94
Diglett,Chikorita,43.07,45.16,-2.09,81
Numel,Wingull,49.36,51.48,-2.13,98
Zubat,Mudkip,43.64,45.78,-2.14,96
Whismur,Chikorita,47.0,49.14,-2.14,94
Slowpoke,Mudkip,44.93,47.1,-2.17,101
Pikachu,Torchic,44.56,46.78,-2.22,95
Vulpix,Torchic,43.84,46.11,-2.27,100
Whismur,Torchic,46.68,48.98,-2.3,115
Pidgey,Charmander,47.09,49.4,-2.31,80
Pidgey,Mudkip,43.78,46.09,-2.32,77
Numel,Diglett,47.91,50.27,-2.36,98
Tentacool,Charmander,44.78,47.16,-2.37,81
Whismur,Mudkip,44.94,47.31,-2.37,72
Phanpy,Treecko,45.5,47.9,-2.4,94
Sunkern,Rattata,43.92,46.36,-2.44,87
Pidgey,Porygon,45.3,47.76,-2.46,86
Oddish,Bulbasaur,45.22,47.7,-2.48,95
Sunkern,Treecko,44.42,46.95,-2.54,85
Marshtomp,Larvitar,49.37,51.91,-2.54,96
Zubat,Rattata,44.28,46.84,-2.55,110
Vulpix,Porygon,43.54,46.09,-2.55,88
Numel,Totodile,44.49,47.06,-2.57,67
Slakoth,Cyndaquil,42.06,44.64,-2.58,97
Meowth,Larvitar,47.59,50.22,-2.63,94
Diglett,Slakoth,44.27,46.92,-2.65,71
Tentacool,Bulbasaur,43.23,45.99,-2.76,82
Cacnea,Chikorita,44.43,47.23,-2.8,69
Eevee,Larvitar,47.28,50.11,-2.83,106
Wingull,Rattata,42.76,45.62,-2.85,81
Pikachu,Slakoth,45.83,48.69,-2.86,89
Vulpix,Larvitar,44.27,47.13,-2.86,86
Wingull,Bulbasaur,43.79,46.7,-2.91,83
Cacnea,Charmander,45.8,48.71,-2.91,89
Diglett,Bulbasaur,42.56,45.48,-2.92,96
Vulpix,Squirtle,42.66,45.58,-2.93,95
Cacnea,Rattata,43.49,46.46,-2.97,74
Zubat,Charmander,46.12,49.09,-2.97,94
Sunkern,Chikorita,44.13,47.13,-3.0,111
Phanpy,Rattata,44.29,47.3,-3.01,87
Larvitar,Cyndaquil,40.74,43.75,-3.01,99
Diglett,Treecko,41.95,44.99,-3.04,102
Slakoth,Chikorita,41.72,44.83,-3.11,93
Whismur,Porygon,45.83,48.98,-3.14,97
Slowpoke,Tentacool,48.36,51.53,-3.17,78
Sunkern,Larvitar,44.82,48.0,-3.18,84
Phanpy,Torchic,44.72,47.92,-3.2,95
Wingull,Treecko,42.97,46.21,-3.24,81
Slowpoke,Totodile,44.57,47.81,-3.24,83
Pikachu,Tentacool,46.23,49.53,-3.31,88
Numel,Cyndaquil,44.58,47.98,-3.39,88
Vulpix,Charmander,44.34,47.73,-3.39,109
Charmander,Porygon,40.99,44.39,-3.4,84
Numel,Mudkip,42.92,46.34,-3.42,92
Tentacool,Torchic,42.1,45.53,-3.42,95
Wingull,Mudkip,41.12,44.56,-3.44,88
Numel,Torchic,44.57,48.02,-3.45,89
Pikachu,Mudkip,41.63,45.11,-3.48,94
Meowth,Mudkip,44.0,47.52,-3.52,102
Eevee,Squirtle,44.96,48.56,-3.61,117
Numel,Larvitar,45.43,49.05,-3.62,83
Wingull,Vulpix,45.84,49.57,-3.73,92
Vulpix,Bulbasaur,42.84,46.57,-3.73,76
Pikachu,Squirtle,42.52,46.26,-3.74,88
Larvitar,Torchic,40.05,43.8,-3.74,100
Pikachu,Larvitar,44.04,47.8,-3.76,115
Pikachu,Mareep,45.4,49.17,-3.77,90
Wingull,Chikorita,42.55,46.39,-3.83,81
Slakoth,Larvitar,41.86,45.7,-3.85,81
Vulpix,Treecko,42.21,46.08,-3.87,80
Wingull,Charmander,43.99,47.87,-3.88,85
Vulpix,Cyndaquil,42.17,46.06,-3.89,91
Pidgey,Chikorita,44.02,47.92,-3.9,95
Vulpix,Totodile,41.23,45.14,-3.91,110
Cacnea,Bulbasaur,43.61,47.55,-3.94,98
Diglett,Charmander,42.69,46.64,-3.95,91
Phanpy,Bulbasaur,44.41,48.39,-3.98,80
Zubat,Cyndaquil,43.39,47.41,-4.02,86
Phanpy,Totodile,42.93,46.97,-4.04,87
Sunkern,Cyndaquil,42.89,46.94,-4.05,76
Cacnea,Squirtle,42.5,46.56,-4.06,103
Pidgey,Totodile,42.73,46.81,-4.08,69
Pidgey,Torchic,43.63,47.77,-4.14,79
Vulpix,Rattata,41.34,45.48,-4.15,88
Mareep,Porygon,40.98,45.16,-4.18,89
Phanpy,Squirtle,43.12,47.41,-4.29,87
Tentacool,Chikorita,41.37,45.67,-4.31,84
Charmander,Larvitar,41.1,45.42,-4.33,92
Mareep,Squirtle,40.27,44.64,-4.37,97
Treecko,Totodile,37.42,41.78,-4.37,96
Zubat,Treecko,43.03,47.43,-4.4,70
Cacnea,Mudkip,40.98,45.41,-4.43,89
Mareep,Chikorita,40.86,45.31,-4.46,104
Mareep,Cyndaquil,40.64,45.12,-4.48,101
Tentacool,Treecko,41.01,45.5,-4.49,95
Pikachu,Cyndaquil,42.21,46.73,-4.53,91
Wingull,Cyndaquil,41.66,46.19,-4.53,101
Slakoth,Bulbasaur,40.6,45.15,-4.54,97
Slakoth,Porygon,40.07,44.67,-4.6,99
Diglett,Cyndaquil,40.33,44.97,-4.64,79
Tentacool,Porygon,40.84,45.52,-4.68,98
Oddish,Chikorita,42.65,47.39,-4.73,89
Bayleef,Larvitar,46.04,50.81,-4.77,87
Mareep,Larvitar,41.42,46.19,-4.77,82
Cacnea,Totodile,41.31,46.12,-4.81,88
Phanpy,Porygon,43.05,47.91,-4.87,97
Oddish,Treecko,42.16,47.21,-5.05,85
Sunkern,Bulbasaur,42.33,47.45,-5.11,105
Wingull,Porygon,41.1,46.23,-5.13,84
Raticate,Magikarp,39.18,44.34,-5.15,98
Pikachu,Treecko,41.6,46.75,-5.15,75
Slakoth,Treecko,39.48,44.66,-5.17,76
Mareep,Treecko,39.88,45.14,-5.26,94
Wingull,Torchic,40.97,46.23,-5.26,103
Pikachu,Rattata,40.81,46.16,-5.35,93
Bulbasaur,Porygon,37.77,43.23,-5.46,92
Whismur,Rattata,42.9,48.37,-5.47,90
Slakoth,Mudkip,37.44,43.01,-5.56,85
Bulbasaur,Rattata,37.05,42.62,-5.56,87
Charmander,Totodile,37.77,43.44,-5.67,106
Larvitar,Chikorita,38.22,43.95,-5.73,76
Treecko,Cyndaquil,36.95,42.7,-5.75,84
Cacnea,Treecko,41.29,47.05,-5.77,86
Bulbasaur,Mudkip,35.71,41.56,-5.85,85
Charmander,Squirtle,37.99,43.88,-5.89,107
Oddish,Mudkip,39.65,45.56,-5.91,99
Bulbasaur,Totodile,36.33,42.28,-5.94,92
Larvitar,Treecko,37.65,43.77,-6.12,96
Bulbasaur,Chikorita,37.2,43.39,-6.19,79
Charmander,Torchic,38.16,44.4,-6.24,104
Magby,Magikarp,36.52,42.76,-6.24,106
Tentacool,Totodile,38.26,44.56,-6.31,82
Slakoth,Rattata,37.67,44.06,-6.39,91
Sunkern,Mudkip,38.86,45.3,-6.44,84
Mareep,Totodile,37.73,44.2,-6.47,96
Tentacool,Rattata,38.44,44.91,-6.47,81
Larvitar,Rattata,36.47,43.17,-6.7,91
Mareep,Torchic,38.41,45.17,-6.76,95
Torchic,Porygon,35.99,42.76,-6.77,89
Bulbasaur,Cyndaquil,36.4,43.19,-6.79,102
Chikorita,Cyndaquil,36.06,42.88,-6.81,84
Charmander,Chikorita,37.74,44.55,-6.81,85
Diglett,Rattata,37.54,44.39,-6.85,88
Charmander,Rattata,36.92,43.78,-6.86,92
Porygon,Treecko,35.85,42.73,-6.88,97
Slakoth,Torchic,37.74,44.68,-6.94,77
Bayleef,Magikarp,34.2,41.16,-6.96,94
Porygon,Squirtle,35.26,42.24,-6.98,86
Larvitar,Squirtle,36.29,43.27,-6.99,91
Diglett,Mudkip,36.33,43.34,-7.01,81
Charmander,Bulbasaur,37.82,44.87,-7.05,105
Treecko,Rattata,35.06,42.12,-7.07,80
Pikachu,Totodile,38.73,45.82,-7.09,78
Diglett,Torchic,37.9,45.02,-7.11,100
Chikorita,Rattata,35.19,42.3,-7.11,108
Tentacool,Mudkip,36.73,43.85,-7.12,93
Treecko,Squirtle,35.02,42.22,-7.2,104
Larvitar,Porygon,36.53,43.78,-7.25,88
Porygon,Cyndaquil,35.38,42.72,-7.34,89
Slakoth,Squirtle,36.81,44.16,-7.35,98
Slakoth,Totodile,36.36,43.72,-7.36,81
Charmander,Cyndaquil,36.98,44.36,-7.38,73
Mareep,Mudkip,36.09,43.49,-7.4,93
Vulpix,Mudkip,37.03,44.43,-7.4,86
Torchic,Rattata,34.74,42.15,-7.41,105
Torchic,Cyndaquil,35.29,42.73,-7.44,89
Tentacool,Squirtle,37.52,45.0,-7.48,77
Mareep,Rattata,37.05,44.55,-7.5,75
Bulbasaur,Torchic,35.73,43.23,-7.5,93
Bulbasaur,Squirtle,35.2,42.72,-7.52,95
Oddish,Larvitar,40.73,48.26,-7.53,102
Diglett,Totodile,36.5,44.05,-7.55,80
Charmander,Mudkip,35.1,42.73,-7.62,88
Diglett,Porygon,37.31,45.0,-7.7,86
Torchic,Mudkip,33.33,41.09,-7.77,94
Torchic,Treecko,34.89,42.75,-7.86,94
Chikorita,Torchic,34.92,42.92,-8.0,90
Chikorita,Treecko,34.76,42.89,-8.13,75
Torchic,Totodile,33.61,41.81,-8.2,97
Charmander,Treecko,36.07,44.38,-8.3,85
Rattata,Totodile,32.83,41.19,-8.36,96
Squirtle,Rattata,33.23,41.63,-8.4,89
Torchic,Squirtle,33.5,42.25,-8.75,94
Elekid,Magikarp,32.96,41.8,-8.84,88
Larvitar,Totodile,33.91,42.84,-8.93,96
Squirtle,Totodile,32.19,41.29,-9.1,93
Porygon,Mudkip,31.94,41.09,-9.14,81
Chikorita,Squirtle,33.17,42.4,-9.23,88
Bulbasaur,Treecko,33.9,43.21,-9.31,89
Diglett,Squirtle,35.18,44.49,-9.31,95
Cyndaquil,Squirtle,32.83,42.2,-9.37,86
Marshtomp,Magikarp,32.88,42.26,-9.38,80
Cyndaquil,Rattata,32.64,42.11,-9.47,94
Treecko,Mudkip,31.5,41.07,-9.57,85
Meowth,Magikarp,30.92,40.56,-9.64,80
Porygon,Rattata,32.48,42.14,-9.66,93
Larvitar,Magikarp,25.15,35.16,-10.01,97
Cyndaquil,Totodile,31.73,41.77,-10.04,107
Chikorita,Porygon,32.79,42.91,-10.12,97
Eevee,Magikarp,30.29,40.45,-10.16,99
Tentacool,Larvitar,36.38,46.55,-10.17,101
Diglett,Magikarp,25.92,36.38,-10.47,84
Chikorita,Totodile,31.49,41.96,-10.47,84
Larvitar,Bulbasaur,33.62,44.26,-10.64,92
Sunkern,Magikarp,27.65,38.35,-10.7,93
Larvitar,Mudkip,31.39,42.12,-10.73,83
Squirtle,Mudkip,29.62,40.58,-10.95,77
Vulpix,Magikarp,26.51,37.48,-10.97,83
Totodile,Mudkip,29.08,40.14,-11.05,92
Cacnea,Magikarp,27.35,38.45,-11.1,84
Slowpoke,Magikarp,29.0,40.15,-11.15,97
Zubat,Magikarp,27.63,38.83,-11.19,100
Oddish,Magikarp,27.42,38.61,-11.19,90
Porygon,Totodile,30.6,41.8,-11.2,86
Pidgey,Magikarp,27.9,39.14,-11.24,88
Chikorita,Mudkip,29.94,41.25,-11.31,94
Cyndaquil,Mudkip,29.54,41.05,-11.51,89
Rattata,Mudkip,28.96,40.48,-11.52,89
Wingull,Magikarp,25.25,37.61,-12.36,96
Mareep,Magikarp,23.74,36.54,-12.79,80
Phanpy,Magikarp,25.21,39.3,-14.08,74
Bulbasaur,Magikarp,20.37,34.61,-14.24,94
Tentacool,Magikarp,22.63,36.9,-14.26,83
Numel,Magikarp,24.93,39.39,-14.46,89
Whismur,Magikarp,25.64,40.36,-14.71,69
Treecko,Magikarp,19.23,34.12,-14.89,81
Charmander,Magikarp,20.35,35.77,-15.42,75
Chikorita,Magikarp,18.37,34.29,-15.92,87
Squirtle,Magikarp,17.67,33.62,-15.95,91
Cyndaquil,Magikarp,18.01,34.09,-16.08,66
Torchic,Magikarp,18.03,34.14,-16.11,98
Slakoth,Magikarp,19.73,36.05,-16.32,93
Porygon,Magikarp,17.8,34.13,-16.33,90
Totodile,Magikarp,16.4,33.18,-16.78,94
Pikachu,Magikarp,21.31,38.15,-16.84,83
Rattata,Magikarp,16.5,33.52,-17.02,88
Mudkip,Magikarp,14.57,32.47,-17.89,90
